﻿<?xml version="1.0" encoding="utf-8"?>
<!--DO NOT EDIT. This document is generated by PSoC Creator design builds.-->
<PSoCCreatorIdeExport Version="1">
  <Device Part="CY8C5868AXI-LP035" Processor="CortexM3" DeviceID="2E123069" />
  <Toolchains>
    <Toolchain Name="ARM GCC Generic" Selected="True">
      <Tool Name="prebuild" Command="" Options="" />
      <Tool Name="assembler" Command="arm-none-eabi-as.exe" Options="-mcpu=cortex-m3 -mthumb -I. -IGenerated_Source\PSoC5 -alh=${OutputDir}/${CompileFile}.lst -g" />
      <Tool Name="compiler" Command="arm-none-eabi-gcc.exe" Options="-mcpu=cortex-m3 -mthumb -I. -IGenerated_Source\PSoC5 -Wa,-alh=${OutputDir}/${CompileFile}.lst -g -Wall -ffunction-sections -O0 -ffat-lto-objects" />
      <Tool Name="linker" Command="arm-none-eabi-gcc.exe" Options="-mcpu=cortex-m3 -mthumb -g -ffunction-sections -O0 -ffat-lto-objects -l m -L Generated_Source\PSoC5 -Wl,-Map,${OutputDir}/${ProjectShortName}.map -T &quot;C:\Users\mgronber\Desktop\Hummingbird Projects (mgronber)\(3-2-17)Hummingbird(Audio+PDA+MIDI)\Hummingbird(Audio+PDA+MIDI)(3-2-17).cydsn\Generated_Source\PSoC5\cm3gcc.ld&quot; -specs=nano.specs -Wl,--gc-sections" />
      <Tool Name="postbuild" Command="" Options="" />
    </Toolchain>
    <Toolchain Name="ARM MDK Generic" Selected="False">
      <Tool Name="prebuild" Command="" Options="" />
      <Tool Name="assembler" Command="armasm.exe" Options="--cpu=Cortex-M3 --diag_style=gnu --thumb -i. -iGenerated_Source\PSoC5 -g --list=${OutputDir}/${CompileFile}.lst" />
      <Tool Name="compiler" Command="armcc.exe" Options="--cpu=Cortex-M3 --diag_style=gnu -I. -IGenerated_Source\PSoC5 --list --signed_chars -g -O0 --split_sections" />
      <Tool Name="linker" Command="armlink.exe" Options="--cpu=Cortex-M3 --diag_style=gnu --no_startup --library_type=microlib --map --list ${OutputDir}/${ProjectShortName}.map --scatter &quot;C:\Users\mgronber\Desktop\Hummingbird Projects (mgronber)\(3-2-17)Hummingbird(Audio+PDA+MIDI)\Hummingbird(Audio+PDA+MIDI)(3-2-17).cydsn\Generated_Source\PSoC5\Cm3RealView.scat&quot;" />
      <Tool Name="postbuild" Command="" Options="" />
    </Toolchain>
    <Toolchain Name="ARM IAR Generic" Selected="False">
      <Tool Name="prebuild" Command="" Options="" />
      <Tool Name="assembler" Command="iasmarm.exe" Options="--cpu Cortex-M3 -I. -IGenerated_Source\PSoC5 -s+ -M&lt;&gt; -w+ -r -DDEBUG --fpu None" />
      <Tool Name="compiler" Command="iccarm.exe" Options="--cpu Cortex-M3 -I. -IGenerated_Source\PSoC5 -D DEBUG --no_cse --no_unroll --no_inline --no_code_motion --no_tbaa --no_clustering --no_scheduling --debug --endian=little -e --fpu=None -On --no_wrap_diagnostics" />
      <Tool Name="linker" Command="ilinkarm.exe" Options="--semihosting --entry __iar_program_start --config Generated_Source\PSoC5\Cm3Iar.icf" />
      <Tool Name="postbuild" Command="" Options="" />
    </Toolchain>
  </Toolchains>
  <Project Name="Hummingbird(Audio+PDA+MIDI)(3-2-17)" Path="C:\Users\mgronber\Desktop\Hummingbird Projects (mgronber)\(3-2-17)Hummingbird(Audio+PDA+MIDI)\Hummingbird(Audio+PDA+MIDI)(3-2-17).cydsn" Version="4.11" Type="Normal">
    <CMSIS_SVD_File>Hummingbird(Audio+PDA+MIDI)(3-2-17).svd</CMSIS_SVD_File>
    <Datasheet />
    <LinkerFiles>
      <LinkerFile Toolchain="ARM GCC Generic">.\Generated_Source\PSoC5\cm3gcc.ld</LinkerFile>
      <LinkerFile Toolchain="ARM MDK Generic">.\Generated_Source\PSoC5\Cm3RealView.scat</LinkerFile>
      <LinkerFile Toolchain="ARM IAR Generic">.\Generated_Source\PSoC5\Cm3Iar.icf</LinkerFile>
    </LinkerFiles>
    <Folders>
      <Folder BuildType="STRICT" Path="C:\Users\mgronber\Desktop\Hummingbird Projects (mgronber)\(3-2-17)Hummingbird(Audio+PDA+MIDI)\Hummingbird(Audio+PDA+MIDI)(3-2-17).cydsn">
        <Files Root="C:\Users\mgronber\Desktop\Hummingbird Projects (mgronber)\(3-2-17)Hummingbird(Audio+PDA+MIDI)\Hummingbird(Audio+PDA+MIDI)(3-2-17).cydsn">
          <File BuildType="BUILD" Toolchain="">main.c</File>
          <File BuildType="BUILD" Toolchain="">fft.c</File>
          <File BuildType="BUILD" Toolchain="">midi.c</File>
          <File BuildType="BUILD" Toolchain="">pitch.c</File>
          <File BuildType="BUILD" Toolchain="">hbird.c</File>
          <File BuildType="BUILD" Toolchain="">device.h</File>
          <File BuildType="BUILD" Toolchain="">fft.h</File>
          <File BuildType="BUILD" Toolchain="">midi.h</File>
          <File BuildType="BUILD" Toolchain="">pitch.h</File>
          <File BuildType="BUILD" Toolchain="">hbird.h</File>
        </Files>
      </Folder>
      <Folder BuildType="STRICT" Path="C:\Users\mgronber\Desktop\Hummingbird Projects (mgronber)\(3-2-17)Hummingbird(Audio+PDA+MIDI)\Hummingbird(Audio+PDA+MIDI)(3-2-17).cydsn\Generated_Source\PSoC5">
        <Files Root="C:\Users\mgronber\Desktop\Hummingbird Projects (mgronber)\(3-2-17)Hummingbird(Audio+PDA+MIDI)\Hummingbird(Audio+PDA+MIDI)(3-2-17).cydsn">
          <File BuildType="BUILD" Toolchain="">Generated_Source\PSoC5\MIDI1_UART_INT.c</File>
          <File BuildType="BUILD" Toolchain="">Generated_Source\PSoC5\MIDI1_UART.c</File>
          <File BuildType="BUILD" Toolchain="">Generated_Source\PSoC5\MIDI1_UART.h</File>
          <File BuildType="BUILD" Toolchain="">Generated_Source\PSoC5\MIDI1_UART_PM.c</File>
          <File BuildType="BUILD" Toolchain="">Generated_Source\PSoC5\MIDI1_UART_BOOT.c</File>
          <File BuildType="BUILD" Toolchain="">Generated_Source\PSoC5\MIDI2_UART_INT.c</File>
          <File BuildType="BUILD" Toolchain="">Generated_Source\PSoC5\MIDI2_UART.c</File>
          <File BuildType="BUILD" Toolchain="">Generated_Source\PSoC5\MIDI2_UART.h</File>
          <File BuildType="BUILD" Toolchain="">Generated_Source\PSoC5\MIDI2_UART_PM.c</File>
          <File BuildType="BUILD" Toolchain="">Generated_Source\PSoC5\MIDI2_UART_BOOT.c</File>
          <File BuildType="BUILD" Toolchain="">Generated_Source\PSoC5\cyfitter_cfg.h</File>
          <File BuildType="BUILD" Toolchain="">Generated_Source\PSoC5\cyfitter_cfg.c</File>
          <File BuildType="BUILD" Toolchain="">Generated_Source\PSoC5\cymetadata.c</File>
          <File BuildType="BUILD" Toolchain="">Generated_Source\PSoC5\cydevice.h</File>
          <File BuildType="BUILD" Toolchain="">Generated_Source\PSoC5\cydevicegnu.inc</File>
          <File BuildType="BUILD" Toolchain="">Generated_Source\PSoC5\cydevicerv.inc</File>
          <File BuildType="BUILD" Toolchain="">Generated_Source\PSoC5\cydeviceiar.inc</File>
          <File BuildType="BUILD" Toolchain="">Generated_Source\PSoC5\cydevice_trm.h</File>
          <File BuildType="BUILD" Toolchain="">Generated_Source\PSoC5\cydevicegnu_trm.inc</File>
          <File BuildType="BUILD" Toolchain="">Generated_Source\PSoC5\cydevicerv_trm.inc</File>
          <File BuildType="BUILD" Toolchain="">Generated_Source\PSoC5\cydeviceiar_trm.inc</File>
          <File BuildType="BUILD" Toolchain="">Generated_Source\PSoC5\cyfittergnu.inc</File>
          <File BuildType="BUILD" Toolchain="">Generated_Source\PSoC5\cyfitterrv.inc</File>
          <File BuildType="BUILD" Toolchain="">Generated_Source\PSoC5\cyfitteriar.inc</File>
          <File BuildType="BUILD" Toolchain="">Generated_Source\PSoC5\cyfitter.h</File>
          <File BuildType="BUILD" Toolchain="">Generated_Source\PSoC5\cydisabledsheets.h</File>
          <File BuildType="BUILD" Toolchain="">Generated_Source\PSoC5\SW2_aliases.h</File>
          <File BuildType="BUILD" Toolchain="">Generated_Source\PSoC5\SW2.c</File>
          <File BuildType="BUILD" Toolchain="">Generated_Source\PSoC5\SW2.h</File>
          <File BuildType="BUILD" Toolchain="">Generated_Source\PSoC5\SleepTimer.c</File>
          <File BuildType="BUILD" Toolchain="">Generated_Source\PSoC5\SleepTimer.h</File>
          <File BuildType="BUILD" Toolchain="">Generated_Source\PSoC5\SW1_aliases.h</File>
          <File BuildType="BUILD" Toolchain="">Generated_Source\PSoC5\SW1.c</File>
          <File BuildType="BUILD" Toolchain="">Generated_Source\PSoC5\SW1.h</File>
          <File BuildType="BUILD" Toolchain="">Generated_Source\PSoC5\MIDI_PWR_aliases.h</File>
          <File BuildType="BUILD" Toolchain="">Generated_Source\PSoC5\MIDI_PWR.c</File>
          <File BuildType="BUILD" Toolchain="">Generated_Source\PSoC5\MIDI_PWR.h</File>
          <File BuildType="BUILD" Toolchain="">Generated_Source\PSoC5\LED_OutB_aliases.h</File>
          <File BuildType="BUILD" Toolchain="">Generated_Source\PSoC5\LED_OutB.c</File>
          <File BuildType="BUILD" Toolchain="">Generated_Source\PSoC5\LED_OutB.h</File>
          <File BuildType="BUILD" Toolchain="">Generated_Source\PSoC5\LED_InB_aliases.h</File>
          <File BuildType="BUILD" Toolchain="">Generated_Source\PSoC5\LED_InB.c</File>
          <File BuildType="BUILD" Toolchain="">Generated_Source\PSoC5\LED_InB.h</File>
          <File BuildType="BUILD" Toolchain="">Generated_Source\PSoC5\LED_OutA_aliases.h</File>
          <File BuildType="BUILD" Toolchain="">Generated_Source\PSoC5\LED_OutA.c</File>
          <File BuildType="BUILD" Toolchain="">Generated_Source\PSoC5\LED_OutA.h</File>
          <File BuildType="BUILD" Toolchain="">Generated_Source\PSoC5\LED_InA_aliases.h</File>
          <File BuildType="BUILD" Toolchain="">Generated_Source\PSoC5\LED_InA.c</File>
          <File BuildType="BUILD" Toolchain="">Generated_Source\PSoC5\LED_InA.h</File>
          <File BuildType="BUILD" Toolchain="">Generated_Source\PSoC5\Clock_1.c</File>
          <File BuildType="BUILD" Toolchain="">Generated_Source\PSoC5\Clock_1.h</File>
          <File BuildType="BUILD" Toolchain="">Generated_Source\PSoC5\USB.c</File>
          <File BuildType="BUILD" Toolchain="">Generated_Source\PSoC5\USB.h</File>
          <File BuildType="BUILD" Toolchain="">Generated_Source\PSoC5\USB_audio.c</File>
          <File BuildType="BUILD" Toolchain="">Generated_Source\PSoC5\USB_audio.h</File>
          <File BuildType="BUILD" Toolchain="">Generated_Source\PSoC5\USB_boot.c</File>
          <File BuildType="BUILD" Toolchain="">Generated_Source\PSoC5\USB_cdc.c</File>
          <File BuildType="BUILD" Toolchain="">Generated_Source\PSoC5\USB_cdc.h</File>
          <File BuildType="BUILD" Toolchain="">Generated_Source\PSoC5\USB_cls.c</File>
          <File BuildType="BUILD" Toolchain="">Generated_Source\PSoC5\USB_descr.c</File>
          <File BuildType="BUILD" Toolchain="">Generated_Source\PSoC5\USB_drv.c</File>
          <File BuildType="BUILD" Toolchain="">Generated_Source\PSoC5\USB_episr.c</File>
          <File BuildType="BUILD" Toolchain="">Generated_Source\PSoC5\USB_hid.c</File>
          <File BuildType="BUILD" Toolchain="">Generated_Source\PSoC5\USB_hid.h</File>
          <File BuildType="BUILD" Toolchain="">Generated_Source\PSoC5\USB_pm.c</File>
          <File BuildType="BUILD" Toolchain="">Generated_Source\PSoC5\USB_std.c</File>
          <File BuildType="BUILD" Toolchain="">Generated_Source\PSoC5\USB_vnd.c</File>
          <File BuildType="BUILD" Toolchain="">Generated_Source\PSoC5\USB_midi.c</File>
          <File BuildType="BUILD" Toolchain="">Generated_Source\PSoC5\USB_midi.h</File>
          <File BuildType="BUILD" Toolchain="">Generated_Source\PSoC5\USB_pvt.h</File>
          <File BuildType="BUILD" Toolchain="">Generated_Source\PSoC5\Sleep_isr.c</File>
          <File BuildType="BUILD" Toolchain="">Generated_Source\PSoC5\Sleep_isr.h</File>
          <File BuildType="BUILD" Toolchain="">Generated_Source\PSoC5\USB_Dm_aliases.h</File>
          <File BuildType="BUILD" Toolchain="">Generated_Source\PSoC5\USB_Dm.c</File>
          <File BuildType="BUILD" Toolchain="">Generated_Source\PSoC5\USB_Dm.h</File>
          <File BuildType="BUILD" Toolchain="">Generated_Source\PSoC5\USB_Dp_aliases.h</File>
          <File BuildType="BUILD" Toolchain="">Generated_Source\PSoC5\USB_Dp.c</File>
          <File BuildType="BUILD" Toolchain="">Generated_Source\PSoC5\USB_Dp.h</File>
          <File BuildType="BUILD" Toolchain="ARM GCC Generic">Generated_Source\PSoC5\cm3gcc.ld</File>
          <File BuildType="BUILD" Toolchain="ARM MDK Generic">Generated_Source\PSoC5\Cm3RealView.scat</File>
          <File BuildType="BUILD" Toolchain="">Generated_Source\PSoC5\Cm3Start.c</File>
          <File BuildType="BUILD" Toolchain="">Generated_Source\PSoC5\core_cm3_psoc5.h</File>
          <File BuildType="BUILD" Toolchain="">Generated_Source\PSoC5\core_cm3.h</File>
          <File BuildType="BUILD" Toolchain="ARM GCC Generic">Generated_Source\PSoC5\CyBootAsmGnu.s</File>
          <File BuildType="BUILD" Toolchain="ARM MDK Generic">Generated_Source\PSoC5\CyBootAsmRv.s</File>
          <File BuildType="BUILD" Toolchain="">Generated_Source\PSoC5\CyDmac.c</File>
          <File BuildType="BUILD" Toolchain="">Generated_Source\PSoC5\CyDmac.h</File>
          <File BuildType="BUILD" Toolchain="">Generated_Source\PSoC5\CyFlash.c</File>
          <File BuildType="BUILD" Toolchain="">Generated_Source\PSoC5\CyFlash.h</File>
          <File BuildType="BUILD" Toolchain="">Generated_Source\PSoC5\CyLib.c</File>
          <File BuildType="BUILD" Toolchain="">Generated_Source\PSoC5\CyLib.h</File>
          <File BuildType="BUILD" Toolchain="">Generated_Source\PSoC5\cypins.h</File>
          <File BuildType="BUILD" Toolchain="">Generated_Source\PSoC5\cyPm.c</File>
          <File BuildType="BUILD" Toolchain="">Generated_Source\PSoC5\cyPm.h</File>
          <File BuildType="BUILD" Toolchain="">Generated_Source\PSoC5\CySpc.c</File>
          <File BuildType="BUILD" Toolchain="">Generated_Source\PSoC5\CySpc.h</File>
          <File BuildType="BUILD" Toolchain="">Generated_Source\PSoC5\cytypes.h</File>
          <File BuildType="BUILD" Toolchain="">Generated_Source\PSoC5\cyutils.c</File>
          <File BuildType="BUILD" Toolchain="">Generated_Source\PSoC5\core_cmFunc.h</File>
          <File BuildType="BUILD" Toolchain="">Generated_Source\PSoC5\core_cmInstr.h</File>
          <File BuildType="BUILD" Toolchain="ARM IAR Generic">Generated_Source\PSoC5\Cm3Iar.icf</File>
          <File BuildType="BUILD" Toolchain="ARM IAR Generic">Generated_Source\PSoC5\CyBootAsmIar.s</File>
          <File BuildType="BUILD" Toolchain="">Generated_Source\PSoC5\project.h</File>
          <File BuildType="BUILD" Toolchain="">Generated_Source\PSoC5\cycodeshareimport.ld</File>
          <File BuildType="BUILD" Toolchain="">Generated_Source\PSoC5\cycodeshareexport.ld</File>
          <File BuildType="BUILD" Toolchain="">Generated_Source\PSoC5\cycodeshareimport.scat</File>
          <File BuildType="BUILD" Toolchain="">Generated_Source\PSoC5\LCD_Char_1.c</File>
          <File BuildType="BUILD" Toolchain="">Generated_Source\PSoC5\LCD_Char_1.h</File>
          <File BuildType="BUILD" Toolchain="">Generated_Source\PSoC5\LCD_Char_1_PM.c</File>
          <File BuildType="BUILD" Toolchain="">Generated_Source\PSoC5\LCD_Char_1_LCDPort_aliases.h</File>
          <File BuildType="BUILD" Toolchain="">Generated_Source\PSoC5\LCD_Char_1_LCDPort.c</File>
          <File BuildType="BUILD" Toolchain="">Generated_Source\PSoC5\LCD_Char_1_LCDPort.h</File>
          <File BuildType="BUILD" Toolchain="">Generated_Source\PSoC5\ADC_SAR_1.c</File>
          <File BuildType="BUILD" Toolchain="">Generated_Source\PSoC5\ADC_SAR_1.h</File>
          <File BuildType="BUILD" Toolchain="">Generated_Source\PSoC5\ADC_SAR_1_INT.c</File>
          <File BuildType="BUILD" Toolchain="">Generated_Source\PSoC5\ADC_SAR_1_PM.c</File>
          <File BuildType="BUILD" Toolchain="">Generated_Source\PSoC5\MIC_IN_aliases.h</File>
          <File BuildType="BUILD" Toolchain="">Generated_Source\PSoC5\MIC_IN.c</File>
          <File BuildType="BUILD" Toolchain="">Generated_Source\PSoC5\MIC_IN.h</File>
          <File BuildType="BUILD" Toolchain="">Generated_Source\PSoC5\MIC_GND_aliases.h</File>
          <File BuildType="BUILD" Toolchain="">Generated_Source\PSoC5\MIC_GND.c</File>
          <File BuildType="BUILD" Toolchain="">Generated_Source\PSoC5\MIC_GND.h</File>
          <File BuildType="BUILD" Toolchain="">Generated_Source\PSoC5\Timer_1.c</File>
          <File BuildType="BUILD" Toolchain="">Generated_Source\PSoC5\Timer_1.h</File>
          <File BuildType="BUILD" Toolchain="">Generated_Source\PSoC5\Timer_1_PM.c</File>
          <File BuildType="BUILD" Toolchain="">Generated_Source\PSoC5\isr_1.c</File>
          <File BuildType="BUILD" Toolchain="">Generated_Source\PSoC5\isr_1.h</File>
          <File BuildType="BUILD" Toolchain="">Generated_Source\PSoC5\ADC_SAR_1_IRQ.c</File>
          <File BuildType="BUILD" Toolchain="">Generated_Source\PSoC5\ADC_SAR_1_IRQ.h</File>
          <File BuildType="BUILD" Toolchain="">Generated_Source\PSoC5\ADC_SAR_1_theACLK.c</File>
          <File BuildType="BUILD" Toolchain="">Generated_Source\PSoC5\ADC_SAR_1_theACLK.h</File>
          <File BuildType="BUILD" Toolchain="">Generated_Source\PSoC5\UI_TIMER.c</File>
          <File BuildType="BUILD" Toolchain="">Generated_Source\PSoC5\UI_TIMER.h</File>
          <File BuildType="BUILD" Toolchain="">Generated_Source\PSoC5\UI_TIMER_PM.c</File>
          <File BuildType="BUILD" Toolchain="">Generated_Source\PSoC5\UI_isr.c</File>
          <File BuildType="BUILD" Toolchain="">Generated_Source\PSoC5\UI_isr.h</File>
          <File BuildType="BUILD" Toolchain="">Generated_Source\PSoC5\POT_IN_KEY_aliases.h</File>
          <File BuildType="BUILD" Toolchain="">Generated_Source\PSoC5\POT_IN_KEY.c</File>
          <File BuildType="BUILD" Toolchain="">Generated_Source\PSoC5\POT_IN_KEY.h</File>
          <File BuildType="BUILD" Toolchain="">Generated_Source\PSoC5\POT_IN_SCALE_aliases.h</File>
          <File BuildType="BUILD" Toolchain="">Generated_Source\PSoC5\POT_IN_SCALE.c</File>
          <File BuildType="BUILD" Toolchain="">Generated_Source\PSoC5\POT_IN_SCALE.h</File>
          <File BuildType="BUILD" Toolchain="">Generated_Source\PSoC5\UI_ADC.c</File>
          <File BuildType="BUILD" Toolchain="">Generated_Source\PSoC5\UI_ADC.h</File>
          <File BuildType="BUILD" Toolchain="">Generated_Source\PSoC5\UI_ADC_PM.c</File>
          <File BuildType="BUILD" Toolchain="">Generated_Source\PSoC5\UI_ADC_INT.c</File>
          <File BuildType="BUILD" Toolchain="">Generated_Source\PSoC5\UI_ADC_SAR.c</File>
          <File BuildType="BUILD" Toolchain="">Generated_Source\PSoC5\UI_ADC_SAR.h</File>
          <File BuildType="BUILD" Toolchain="">Generated_Source\PSoC5\UI_ADC_SAR_INT.c</File>
          <File BuildType="BUILD" Toolchain="">Generated_Source\PSoC5\UI_ADC_SAR_PM.c</File>
          <File BuildType="BUILD" Toolchain="">Generated_Source\PSoC5\UI_ADC_IntClock.c</File>
          <File BuildType="BUILD" Toolchain="">Generated_Source\PSoC5\UI_ADC_IntClock.h</File>
          <File BuildType="BUILD" Toolchain="">Generated_Source\PSoC5\UI_ADC_TempBuf_dma.c</File>
          <File BuildType="BUILD" Toolchain="">Generated_Source\PSoC5\UI_ADC_TempBuf_dma.h</File>
          <File BuildType="BUILD" Toolchain="">Generated_Source\PSoC5\UI_ADC_FinalBuf_dma.c</File>
          <File BuildType="BUILD" Toolchain="">Generated_Source\PSoC5\UI_ADC_FinalBuf_dma.h</File>
          <File BuildType="BUILD" Toolchain="">Generated_Source\PSoC5\UI_ADC_IRQ.c</File>
          <File BuildType="BUILD" Toolchain="">Generated_Source\PSoC5\UI_ADC_IRQ.h</File>
        </Files>
      </Folder>
      <Folder BuildType="STRICT" Path="C:\Users\mgronber\Desktop\Hummingbird Projects (mgronber)\(3-2-17)Hummingbird(Audio+PDA+MIDI)\Hummingbird(Audio+PDA+MIDI)(3-2-17).cydsn\Export\ARM_GCC_Generic">
        <Files Root="C:\Users\mgronber\Desktop\Hummingbird Projects (mgronber)\(3-2-17)Hummingbird(Audio+PDA+MIDI)\Hummingbird(Audio+PDA+MIDI)(3-2-17).cydsn">
          <File BuildType="BUILD" Toolchain="ARM GCC Generic">.\Export\ARM_GCC_Generic\CyComponentLibrary.a</File>
        </Files>
      </Folder>
      <Folder BuildType="STRICT" Path="C:\Users\mgronber\Desktop\Hummingbird Projects (mgronber)\(3-2-17)Hummingbird(Audio+PDA+MIDI)\Hummingbird(Audio+PDA+MIDI)(3-2-17).cydsn\Export\ARM_MDK_Generic">
        <Files Root="C:\Users\mgronber\Desktop\Hummingbird Projects (mgronber)\(3-2-17)Hummingbird(Audio+PDA+MIDI)\Hummingbird(Audio+PDA+MIDI)(3-2-17).cydsn">
          <File BuildType="BUILD" Toolchain="ARM MDK Generic">.\Export\ARM_MDK_Generic\CyComponentLibrary.a</File>
        </Files>
      </Folder>
      <Folder BuildType="STRICT" Path="C:\Users\mgronber\Desktop\Hummingbird Projects (mgronber)\(3-2-17)Hummingbird(Audio+PDA+MIDI)\Hummingbird(Audio+PDA+MIDI)(3-2-17).cydsn\Export\ARM_IAR_Generic">
        <Files Root="C:\Users\mgronber\Desktop\Hummingbird Projects (mgronber)\(3-2-17)Hummingbird(Audio+PDA+MIDI)\Hummingbird(Audio+PDA+MIDI)(3-2-17).cydsn">
          <File BuildType="BUILD" Toolchain="ARM IAR Generic">.\Export\ARM_IAR_Generic\CyComponentLibrary.a</File>
        </Files>
      </Folder>
      <Folder BuildType="EXCLUDE" Path=".\codegentemp">
        <Files Root="C:\Users\mgronber\Desktop\Hummingbird Projects (mgronber)\(3-2-17)Hummingbird(Audio+PDA+MIDI)\Hummingbird(Audio+PDA+MIDI)(3-2-17).cydsn" />
      </Folder>
      <Folder BuildType="EXCLUDE" Path=".\ARM_GCC_441">
        <Files Root="C:\Users\mgronber\Desktop\Hummingbird Projects (mgronber)\(3-2-17)Hummingbird(Audio+PDA+MIDI)\Hummingbird(Audio+PDA+MIDI)(3-2-17).cydsn" />
      </Folder>
      <Folder BuildType="EXCLUDE" Path=".\ARM_GCC_473">
        <Files Root="C:\Users\mgronber\Desktop\Hummingbird Projects (mgronber)\(3-2-17)Hummingbird(Audio+PDA+MIDI)\Hummingbird(Audio+PDA+MIDI)(3-2-17).cydsn" />
      </Folder>
      <Folder BuildType="EXCLUDE" Path=".\DP8051_Keil_952">
        <Files Root="C:\Users\mgronber\Desktop\Hummingbird Projects (mgronber)\(3-2-17)Hummingbird(Audio+PDA+MIDI)\Hummingbird(Audio+PDA+MIDI)(3-2-17).cydsn" />
      </Folder>
      <Folder BuildType="EXCLUDE" Path=".\DP8051">
        <Files Root="C:\Users\mgronber\Desktop\Hummingbird Projects (mgronber)\(3-2-17)Hummingbird(Audio+PDA+MIDI)\Hummingbird(Audio+PDA+MIDI)(3-2-17).cydsn" />
      </Folder>
      <Folder BuildType="EXCLUDE" Path=".\CortexM0">
        <Files Root="C:\Users\mgronber\Desktop\Hummingbird Projects (mgronber)\(3-2-17)Hummingbird(Audio+PDA+MIDI)\Hummingbird(Audio+PDA+MIDI)(3-2-17).cydsn" />
      </Folder>
      <Folder BuildType="EXCLUDE" Path=".\CortexM0p">
        <Files Root="C:\Users\mgronber\Desktop\Hummingbird Projects (mgronber)\(3-2-17)Hummingbird(Audio+PDA+MIDI)\Hummingbird(Audio+PDA+MIDI)(3-2-17).cydsn" />
      </Folder>
      <Folder BuildType="EXCLUDE" Path=".\CortexM3">
        <Files Root="C:\Users\mgronber\Desktop\Hummingbird Projects (mgronber)\(3-2-17)Hummingbird(Audio+PDA+MIDI)\Hummingbird(Audio+PDA+MIDI)(3-2-17).cydsn" />
      </Folder>
      <Folder BuildType="EXCLUDE" Path=".\CortexM4">
        <Files Root="C:\Users\mgronber\Desktop\Hummingbird Projects (mgronber)\(3-2-17)Hummingbird(Audio+PDA+MIDI)\Hummingbird(Audio+PDA+MIDI)(3-2-17).cydsn" />
      </Folder>
      <Folder BuildType="EXCLUDE" Path=".\CortexM7">
        <Files Root="C:\Users\mgronber\Desktop\Hummingbird Projects (mgronber)\(3-2-17)Hummingbird(Audio+PDA+MIDI)\Hummingbird(Audio+PDA+MIDI)(3-2-17).cydsn" />
      </Folder>
      <Folder BuildType="EXCLUDE" Path=".\Generated_Source\PSoC3">
        <Files Root="C:\Users\mgronber\Desktop\Hummingbird Projects (mgronber)\(3-2-17)Hummingbird(Audio+PDA+MIDI)\Hummingbird(Audio+PDA+MIDI)(3-2-17).cydsn" />
      </Folder>
      <Folder BuildType="EXCLUDE" Path=".\Generated_Source\PSoC4">
        <Files Root="C:\Users\mgronber\Desktop\Hummingbird Projects (mgronber)\(3-2-17)Hummingbird(Audio+PDA+MIDI)\Hummingbird(Audio+PDA+MIDI)(3-2-17).cydsn" />
      </Folder>
    </Folders>
  </Project>
</PSoCCreatorIdeExport>